{
  "conf": 89.55607414245605,
  "gsr": 75.7305444478622,
  "dr": 71.77842565597668,
  "pt": 7.565458871697671,
  "tt": 9.19941160384264
}