{
  "conf": 59.6366286277771,
  "gsr": 52.580553179355576,
  "dr": 53.76093294460642,
  "pt": 7.624710430043036,
  "tt": 9.260457863424325
}