{
  "conf": 79.7136664390564,
  "gsr": 66.6566265060241,
  "dr": 64.51895043731778,
  "pt": 7.601500496943501,
  "tt": 9.239212747966274
}