{
  "conf": 97.38242030143738,
  "gsr": 85.79485371871695,
  "dr": 70.96209912536443,
  "pt": 7.509862520418115,
  "tt": 9.143091550701744
}