{
  "conf": 49.827706813812256,
  "gsr": 41.548231025098275,
  "dr": 40.05830903790088,
  "pt": 7.64007722642943,
  "tt": 9.277487219299188
}