{
  "conf": 19.972802698612213,
  "gsr": 13.690232938291786,
  "dr": 9.7667638483965,
  "pt": 7.814449244827752,
  "tt": 9.451548713150927
}