{
  "conf": 69.71815824508667,
  "gsr": 56.59276546091015,
  "dr": 56.559766763848394,
  "pt": 7.605277616123235,
  "tt": 9.236801827281496
}