{
  "conf": 9.987682849168777,
  "gsr": 8.503100088573959,
  "dr": 5.597667638483965,
  "pt": 8.595578854225504,
  "tt": 10.24759850531579
}