{
  "conf": 39.92041349411011,
  "gsr": 31.385211494995158,
  "dr": 28.338192419825074,
  "pt": 7.680685011309734,
  "tt": 9.314965616705958
}