{
  "conf": 29.95353639125824,
  "gsr": 22.311046511627907,
  "dr": 17.900874635568513,
  "pt": 7.746575443550598,
  "tt": 9.376587129609531
}