{
  "conf": 69.50015425682068,
  "gsr": 56.36615811373093,
  "dr": 42.0703933747412,
  "pt": 9.9796066312876,
  "tt": 11.598053703097666
}