{
  "conf": 9.98755693435669,
  "gsr": 9.87599645704163,
  "dr": 4.616977225672878,
  "pt": 10.78255900880528,
  "tt": 12.408684902850034
}