{
  "conf": 29.95075285434723,
  "gsr": 22.86309937456567,
  "dr": 13.623188405797102,
  "pt": 10.134883105879116,
  "tt": 11.75226868648675
}