{
  "conf": 19.97242271900177,
  "gsr": 16.827852998065765,
  "dr": 9.006211180124224,
  "pt": 10.228511858263145,
  "tt": 11.84956736905893
}