{
  "conf": 59.55494046211243,
  "gsr": 53.44780594167348,
  "dr": 40.60041407867495,
  "pt": 9.990235013524016,
  "tt": 11.606582614512666
}