{
  "conf": 39.86292481422424,
  "gsr": 34.31093394077449,
  "dr": 24.94824016563147,
  "pt": 10.064112909290948,
  "tt": 11.684510933239531
}