{
  "conf": 95.40977478027344,
  "gsr": 67.40638002773925,
  "dr": 30.18633540372671,
  "pt": 9.911860738481794,
  "tt": 11.529613454998161
}