{
  "conf": 48.89900088310242,
  "gsr": 46.69381887877336,
  "dr": 40.351966873706004,
  "pt": 9.993428213153772,
  "tt": 11.608919155098008
}