{
  "conf": 89.07115459442139,
  "gsr": 63.62732095490716,
  "dr": 39.73084886128365,
  "pt": 9.942827768234777,
  "tt": 11.559695289885978
}