{
  "conf": 79.42801713943481,
  "gsr": 59.848942598187314,
  "dr": 41.01449275362319,
  "pt": 9.965493526488999,
  "tt": 11.585687658006334
}